-0.765234815871,-1.02702590364,-2.94350429311
0.303893641378,0.0531957550141,-2.37031970047
5.23705271743,3.28118200261,4.58250909421
4.82828805952,2.5127679477,3.29135911692
3.68131390766,1.04511505089,2.31057730925
0.365868677031,-0.904734482776,-2.06974812902
5.30389553287,2.63550088068,4.58122849216
0.0314055309291,2.22686903834,-2.00347551175
6.24833275262,1.81402034564,3.43994607226
-2.69631551697,-0.481755350915,-1.97140320513
-0.571652848211,-1.06372605461,-3.31526071297
1.81241549467,0.0664932967298,-3.73997277162
-0.190512292524,-1.85261544448,-1.47922395468
0.680148294596,2.80753182235,-1.62125882422
0.0734512205717,-1.49860538016,-2.08392858724
0.140953056729,-2.927222508,-2.24675974847
4.83045324047,3.00135341004,4.56706501777
5.28792689606,1.61302701076,5.01455337771
1.39450993443,-0.65748059165,-0.431471533968
4.2604211739,1.30698902529,3.77340133655
5.31960118412,1.85852439399,4.22840696818
3.31219608778,4.42083641116,-1.89046456847
-0.434427846916,-1.37728840157,-1.05079139339
0.755980738162,4.24055277776,-2.65521057719
-1.0251310259,-1.20521243665,-2.26893602955
1.47699043979,5.43982814796,-3.50079853912
3.28329265919,3.85799600592,5.48904904847
0.798153340281,3.3533154631,-0.920142006264
2.94890674397,3.04753048146,-1.31538909721
5.13515725044,3.46075557753,3.34394850369
1.31592750894,3.50773507374,-3.12399344623
0.474073192247,2.63049556138,-2.48878279238
2.80609992586,2.90610146428,4.0653560642
0.285928602361,1.9175145133,-1.61582562835
4.31753899305,1.98576774753,5.00650529273
0.687679999837,-1.79856057707,-1.57559655107
3.88963294704,3.37026322014,3.12433398598
4.69375613416,3.6242785044,6.25913449687
5.13241799896,3.01115190991,2.91044169091
2.0477620218,2.86160909818,-1.31484052311
3.17455798983,3.81034376002,-2.25299301388
6.36498910089,1.66590082781,4.75784615094
-0.405213692807,3.74897184801,-2.99487918732
-0.00968167217516,-2.1334899075,-2.06377701332
3.43068955295,3.03867687651,3.04297333041
4.18711568083,1.9056694087,3.73385412187
-1.51027150241,-2.58940416304,-3.58388969785
1.50109445191,4.19189935834,-2.41996484759
3.95292059964,3.89274507594,2.88447151757
-0.146117992361,-2.60810925848,-4.58027751915
2.32813810104,3.04169879991,-1.29464221549
1.07356568386,1.39827137565,-3.28143486368
-1.10346260492,-0.912617348698,-2.44344048536
1.11948795539,3.35211206944,-1.80701261407
-0.151046445096,2.04172481464,-2.29757899335
-0.706294187778,-1.79271326476,-2.76023541677
1.91117175423,2.63830079793,-2.89402790005
2.60575281023,3.39626611237,-2.75995020312
-0.226122040076,-2.24917329156,-3.03411739124
0.451134071187,3.18494684745,-1.51406891483
-0.891248675732,3.46957619472,-2.56299338596
-0.152147775546,0.302269503094,-1.72799930678
0.235197969187,-2.42721365785,-2.97919283556
-0.373679680098,-0.539239853601,-1.76314640573
-0.545361707431,-1.90006304518,-3.24504886141
1.36759425938,3.6052399833,-2.7113796033
4.00961016764,2.49311627249,3.906933082
1.0152520747,3.2184713476,-2.17356829013
1.3425590986,3.61613519756,-1.82513130676
3.9271341286,1.69052035516,3.92224407502
5.79404254071,3.40180782276,2.47287115183
0.315561966278,4.7764617874,-4.51889784865
1.41712897398,2.12178031241,-1.94901316293
5.51098373075,2.75954811431,5.59004068472
5.28244454093,2.48967263247,2.89584269848
-0.00101979213353,-1.34097646034,-3.20856009675
-0.111786198821,-1.68517115443,-1.62915887332
0.618700171251,5.49306071066,-2.77544588802
-0.609051391938,1.84671347079,-2.27072705112
6.35990414955,3.80023361713,5.13490050041
0.943339982285,2.02967006781,-3.20103060793
3.97753049404,3.01610117727,3.63187610408
5.29455529258,2.14996766692,3.35504154743
4.42939989341,2.47338394512,2.89387980986
2.91559984736,1.49776694669,4.05815021472
1.43439187531,3.41026953512,-3.95764268661
0.103551498147,3.24233749979,-5.01970373238
4.29115863467,4.13499017365,3.44102581044
-0.161183211109,2.30551755146,-3.18542168526
4.67244776999,3.41404929318,2.35376406593
4.44697411842,3.45940979232,3.11538874538
0.511290860748,-0.87567549607,-3.79239943324
-1.1997651379,-1.14203486061,-2.15824794375
4.94320410098,3.70646260028,3.22607496133
0.44259533157,5.39442363828,-2.55412517792
-0.102626698199,-1.87522188873,-3.39388783128
0.364078414059,4.20463438517,-0.0103120875432
0.974598651781,3.72140931704,-2.58068232679
-1.49280589528,-2.17761282869,-3.40960187967
1.66314771111,3.03650611551,-2.46805637665
4.44744673128,2.07241445027,5.93810273346
4.99350598432,2.64786761301,2.73163554674
0.582663739411,4.93012130411,-2.71539695289
1.42322530213,3.57109622363,-2.95987974128
0.0435669864074,-2.7488672582,-1.05745478124
0.543251168363,3.249861961,-2.4058986516
5.19549577251,3.18880191925,4.52515412504
4.5499968415,1.47408592059,2.70327619628
1.84324869116,3.09043807381,-2.65489275473
3.93054737471,1.89946665701,5.38458831882
-0.0749159015895,2.49764960047,-3.07061589116
5.40044179861,3.12046424973,3.18106436662
2.44112439298,1.96686320212,3.7672622618
4.46410315381,1.65657667451,2.75607587252
4.56445276558,1.79350151247,3.07584154397
0.0914027179603,-0.300469374574,-1.80328112573
1.81190917998,-0.336694502052,-2.11788678436
0.243095038698,3.58397438005,-2.81574834261
1.45742569172,2.61091104466,-0.259786325138
-0.233829800997,-0.992376883951,-3.52161396981
0.550570894543,0.0104101402615,-2.86011543942
4.45541917935,1.71552498857,3.15361434979
5.32396463121,3.23085134707,3.00671587333
-0.621959896754,-1.45470574774,-1.83832987312
2.08200296579,2.48791055774,2.74455884071
4.40181784406,1.79667918513,3.67597757699
1.80923615597,2.97519789803,-4.05700122846
-0.388205906415,-0.495136277368,-1.6860375496
3.86524066563,2.71549617368,4.22618132212
0.811366929728,5.22745692288,-2.65907187851
0.812164661934,3.16508935322,-2.08817743495
0.452293851882,3.53752774331,-2.05634963338
-0.291708101864,-1.49861849447,-1.04094224033
3.37130398587,1.65759020681,4.46419903223
1.92194844591,4.84859616797,-3.06756040627
5.93338842607,1.49322947795,4.13399654051
2.66776727585,-2.95562391529,-3.10652529122
1.39756083921,1.64584506418,-1.45664487906
1.49572382894,4.13298516701,-2.23769308412
0.877733063715,2.52696857294,-0.824455011208
-1.90131816467,0.0299763049916,-0.338538576918
0.598126049164,2.81512941134,-3.25438225007
0.934025794331,2.73055873079,-2.7779355966
3.83952451084,3.47636115604,3.3970336824
-2.56584466184,-2.90174198048,-2.11877338673
1.29311472368,-1.75719987633,-2.84353858203
4.71230906857,3.30989049749,2.69255182401
4.36138964861,2.06614089026,5.06012446886
0.982654732604,4.61006902462,-1.90405916704
3.27757741948,2.88196938725,0.428233118864
0.440397532492,-1.82445284764,-2.42744194881
3.05125995928,3.07025895054,3.2909408199
-1.77678425593,-1.77220689587,-1.86954987709
-0.249724882379,3.03609863796,-1.29340684986
4.19648572572,2.86762874758,3.8802597615
0.972304995469,3.29197357906,-1.01081552967
4.85578071424,2.33835214488,2.86220221357
1.21475268201,4.43680547072,-1.46351659581
0.958346734883,3.37263869035,-2.08957319558
3.56945697662,3.97482643944,3.81506915636
3.86615207823,3.34794097391,2.19145505844
0.645985803134,2.42514428791,-2.32960627725
1.28328030608,-2.12814205093,-2.40214295581
3.5663181039,3.21496953072,4.25311526838
2.7592512085,2.48832468787,-2.12188325363
2.52870531079,3.06244739406,-4.24511547233
6.96497293893,3.74504533903,3.20230471522
0.841289443464,2.64666527553,-1.89851758956
1.39541411216,2.169166233,-3.61935266284
2.77308362882,2.98443011268,-1.3628470111
2.33453431644,2.81879936105,-3.07711169433
-0.549215539887,-1.64258899674,-3.07763955983
0.081382228741,2.62420397086,-1.99592239707
3.79145554478,1.36321869845,3.96976866702
5.70083834357,3.77645772529,4.42766396493
0.16708921186,2.84419810738,-1.69870030948
0.539838765549,1.76681248803,-2.70907478313
4.8197007575,1.97498374035,3.37131592517
0.191274899385,-0.883761983246,-1.15790752729
4.34009489742,0.867482598373,3.44867697619
0.181628949398,5.43956465157,-0.703507885345
-0.542138609848,-2.00414844882,-2.38210549058
4.26141518087,3.22124007318,4.45994721047
1.77692798747,3.03681236055,-2.46029170862
-0.0373174883435,1.57911726833,-5.11961174484
1.98435230189,3.86968017613,-3.3292130896
3.15389029561,3.63537764893,-2.57290061116
4.08510480008,4.16360964255,4.79422674989
-1.06022315178,-1.77415730822,-3.67218735231
1.59284811835,2.81377457361,-0.294949553573
4.79035218013,1.07169798614,4.66443247087
1.18497397281,3.37607710619,-2.48840578656
4.48889476697,1.02113010223,2.83293401906
2.06152954701,3.73648277155,-2.49709524929
-0.132063211488,-2.28055438679,-2.41210114668
1.14060642348,2.27188928104,-1.85893399772
0.123814738088,4.0782650685,-1.80726287427
0.766770618799,2.18171491655,-0.724628007544
6.53360385133,0.573231383344,4.16286097505
3.46478765606,2.69870263596,4.54931496247
1.7043176606,2.74486366662,-3.16488788908
2.46308581339,4.17835033616,-3.780912463
0.957042238079,4.12215092554,-0.296086531215
1.80275088234,3.50203933812,-0.541389417641
3.35567626013,2.79009827264,-4.353523239
4.17358046496,1.91285944961,4.4919827413
-0.509209936806,-2.32283653549,-1.43275444471
0.400961514153,-0.297334957938,-2.0365321283
3.76077463994,2.81651316599,3.66202812494
-0.184063696168,-1.05390100615,-1.91520326855
5.86882567087,1.55613063687,3.1951562498
0.282155295317,-0.0939525138169,-2.88987303499
-0.623083863678,-1.45351883589,-1.61325508874
1.61312162709,-2.63709069074,-2.46675475126
0.582763726914,4.00217885075,-2.03692045916
0.800369533393,3.1777381587,-2.18424838778
2.78853277702,2.05480486844,3.19754799596
2.14588817095,2.06139824089,-1.79780245358
-0.110009232443,-1.7954672997,-1.97179907204
0.675167477504,4.44975029755,-1.56355967434
0.556449406833,3.57359096287,-4.28973836093
1.66952216606,1.82930557464,-1.44440187055
4.52674050562,3.59521477607,4.97309712347
2.18514817216,0.670054695722,2.6728499641
3.31437820836,1.75451249665,-1.93561444593
0.700796685356,4.72557146199,-0.631119274983
2.03314457053,3.47393226447,-0.836687108123
5.44267321751,1.40786507341,3.41182636971
2.65122708457,4.42900227067,-3.21350519588
4.43009159441,2.14726402827,5.14610507382
1.61576069208,2.40426782787,-3.16162425495
4.36444271043,4.41851771043,5.12374294597
2.55723653766,2.1651095512,-1.94139688377
1.50950245288,3.64676875216,-2.24626434155
0.185962881002,-1.75277070669,-2.9835524748
5.1756528042,1.61058365821,5.03200570134
4.80277343732,2.97608952152,4.80353588957
0.575527025594,2.96172124249,-2.03500704576
4.19408256017,2.26031209884,5.77883617906
5.13928681099,1.98966659466,3.72264252327
-2.25300511438,-1.23707230304,-3.30882818291
-1.83851093581,-1.94570460552,-0.432696393011
4.05926241035,0.529842960125,3.92302278406
0.57677672858,3.13259821108,-1.10706980971
3.91699482343,1.78777752473,-1.01599939214
0.505956630611,4.07806260948,-3.59346079777
-0.760044275728,-2.1060945049,-1.13016690142
-0.463364604054,-0.785466899368,-1.48732587576
-0.481352189785,-0.71074772418,-2.36787390773
3.83226354685,2.95189552119,5.19583234268
-1.47872887847,-1.76909241245,-2.70931568547
5.08799816359,2.13445590632,5.62677319941
1.97218246826,-2.16997596936,-3.94727900904
0.917471159891,4.27377184233,-1.60610728886
-0.339239223964,2.10418999743,-3.17761287119
2.67351132772,3.56628745492,-2.27527745485
5.28052715143,2.26515095987,4.48730453951
6.2674820407,4.19519901061,4.02972844399
-0.678611173261,-1.05832386342,-2.92888958419
4.88347924426,1.87886584531,4.34201197362
-0.54641480279,3.82469477775,-3.29764770602
3.10694552043,1.79445637542,4.90736906491
-0.240248549704,-0.404080996851,-4.80300561172
1.84703151224,3.76879825498,-2.08400390735
4.29874780837,3.82222973664,3.27375294811
-0.476955921348,-2.04370088764,-2.93712392869
0.94331579297,4.35049600129,-2.95257742615
0.611906656035,1.71235128253,-2.80394948374
5.67687830505,2.77983888159,4.82408101843
5.16552130186,4.78647209909,3.43682878506
0.869394834327,-2.45049146122,-2.40645754636
0.866374523692,1.54117930552,-1.38570399531
2.0601384981,2.31737133484,-0.0899180651432
-0.424172408243,-3.91086432372,-2.09253131226
-0.475974503102,0.34745654327,-1.43903758827
5.32970521818,4.1927205215,2.50907477946
0.0746902355549,3.12649463444,-3.17163471678
1.71573868769,2.72637676229,-1.98267246835
1.95238681014,2.02525540484,-2.57878680211
0.957256252361,2.39611230941,-3.90988423602
0.345430883003,-2.20910436465,-3.32271403532
4.29507966959,2.60427110118,3.44712967316
3.96457310908,2.43967746136,4.45849655317
5.69816101774,4.3828426623,2.85380453773
0.224568150789,-0.342848135998,-1.8380460776
1.66138286615,1.89862424826,-3.52820093981
5.02086978078,1.55648062517,4.22633739854
-0.903580462974,-0.726731489789,-1.26522262882
3.48364908602,3.33089292844,3.63984532971
5.90973203097,1.71756688516,4.50541944108
0.190756519211,-1.94559482208,-1.45199245349
1.45821255548,0.0967541828467,-3.08164024337
-0.456891802843,-2.14580119922,-2.87687229346
-1.31319799669,-2.27989829919,-3.26688983564
-1.74625936687,-2.30609930903,-2.88542132239
-0.151001137513,-2.50007774576,-1.98730026675
-1.84391610328,-0.754982327937,-3.05714898953
3.94697350974,3.36037695067,3.97424234703
0.0757267105336,-3.70853972056,-2.2037869365
2.51143453047,3.0175625658,-0.483679063329
1.83264330978,4.65543582222,-2.48804541611
0.138401365247,-0.426227501065,-2.78633064433
-0.122493298406,2.71987207872,-1.87989137374
-0.711340272017,-1.29889161211,-1.92435569869
2.82055631273,1.48447705855,3.69390079272
-0.424549979883,2.29677613832,0.714244691362
0.342794995962,-2.49578688528,-1.78494237005
-2.17483674449,-2.76058673716,-2.56941274242
3.67235128204,3.4383924187,2.92586461354
3.47424419765,2.5565906237,5.22207799746
1.03462842898,-2.44693985462,-2.73898648326
-0.833727984429,-1.58399078977,-1.48730619834
3.98353378686,0.82307419961,2.97578917196
-1.64363264644,-1.57176069545,-2.1643835897
4.36640413326,2.96981566148,3.20967715729
1.33114654663,-1.99196082903,-2.5265314659
0.570601258191,2.93826223197,-1.60101029092
6.06016237308,2.73778207746,2.77527300595
1.20451174923,2.9634908796,-2.86516659964
1.25668732045,2.64426999472,-2.22436111055
0.377179877933,-0.312112938459,-1.62403553707
-1.40087380736,-1.44214257134,-2.82005034917
-0.15180896949,-0.4886783568,-1.56819111301
2.41495666765,2.23063799362,-2.97420321374
0.467371106556,-1.48612114309,-0.334807440952
-0.713677105637,-3.41143470364,-2.12500351543
-0.267437756261,4.16305900656,-3.33281994066
2.74615806165,2.55874818669,-3.20170983279
4.15677759169,3.80980435087,3.67506679471
-1.49473321384,-2.46757089349,-3.96259204692
1.85579388835,2.68759992103,-1.15741035012
1.19795151762,2.77938189706,-3.18145575401
0.138529644052,-1.99418210116,-2.3771047516
0.341849909242,1.18835058283,-0.570084186775
-0.0202927649272,3.60491257744,-1.80460149777
3.91688743846,3.78355667523,3.47862483665
4.14583347493,3.0236483897,4.6281988838
-0.747648163296,-1.95431665772,-1.96185943175
4.64799450629,1.58554911581,3.23851985007
0.154004918731,-2.54762539343,0.128698582655
4.40200279881,4.17972264968,3.38736348346
5.00518583663,1.9195790092,3.94481808743
3.96509779182,1.51030467532,2.45230727779
3.26620750932,2.12548256565,3.00774033478
1.03373955284,-3.00082425638,-2.71225105252
3.07006005351,1.96841079324,3.70544075729
1.6320355951,2.99149802554,-2.69732854905
3.74521567249,4.23166083019,3.65904741292
-1.28530063429,-2.11371267436,-2.31810006679
-0.341371676412,2.8081734298,-2.7230505626
3.61615165235,2.04149583372,4.03059593374
6.78517281899,2.53405132765,3.79221345107
4.12312431651,3.2071626768,3.66136584024
-0.0949969273329,0.187802698187,-1.12995205369
2.42598151491,4.26447639282,3.27612429328
5.10243464094,3.69061019225,3.96813784295
0.492411912752,-2.0482041777,-1.75975547473
0.331248437366,3.01894894148,-1.25690893522
0.0433584521642,-3.21890696222,-3.96829781343
-1.35314261683,3.43285843218,-1.65304835404
-0.277831424411,-2.94389113961,-2.34529565019
-2.4543022357,-2.99537180258,-1.67858517931
1.14659424404,3.41758939098,-1.95554436894
2.0036121508,3.75753283406,-2.12315672404
0.587191000786,-0.916194612449,-3.23113593605
4.23450526401,1.95689270589,3.23214660075
4.99191302606,2.60067837244,3.85746596868
2.57720271034,3.62257099482,-2.57363484369
0.65466208097,2.24275103136,-0.486905797435
4.10006628999,3.2544159473,5.80657347924
3.8898292043,1.84550221336,4.2282935208
4.14062808896,1.62217679156,3.95495997305
4.34674616385,2.00795970524,4.17461704643
-0.365549076598,-2.44949351832,-1.92083580237
-1.3260572593,-1.69819218809,-2.44999917246
5.85113434918,2.6445657705,2.68380934433
4.1555174575,2.49677495449,4.66680641708
-0.41637234213,2.7163181564,-2.81423749084
1.06206934665,-2.39348636854,-0.613078890229
2.07517961896,-1.77364235502,-1.8477696672
4.83682767226,3.16966164486,3.3070747205
2.93218283187,2.71918505866,-2.04122153824
-0.742486568915,-0.937382890572,-2.25048912214
3.12938727923,2.3287050915,4.21300981059
0.941993180706,2.60782376681,-0.904663472467
0.0738448392879,-0.654425480745,0.197783654744
1.47594589114,3.1530212798,-2.90917489221
4.84001720535,3.90710875039,5.66239259901
-1.67167887665,0.452871291867,-1.72662159882
4.03039196376,2.85569907033,3.68178128609
-0.35283839143,-0.772624077501,-1.86165992071
-0.0921887831457,2.66403707436,-2.3350688818
-0.0773266577484,2.80183105031,-1.75767081779
-1.28190645531,-1.24123371105,-2.02704881028
-0.462371250883,0.181188101141,-1.51804699154
2.45142852961,3.19864142792,-2.38829718238
-0.234122005161,-3.18088457329,-1.57829177182
3.75793650796,3.06174015735,3.52424887195
-1.01313662557,4.23015386747,-1.38887786647
1.38482273043,2.30803243237,-1.55910123692
0.300832655004,0.510095100629,-1.96017392832
4.11917079465,3.11564797712,4.19529879255
-0.873878219588,-4.36232539528,-2.76600016016
4.43102192432,1.19385352459,4.12570075358
-0.111789059439,2.91266972306,-3.96864725469
0.973262220272,-4.21444524362,-2.75441374453
2.4803360326,2.79746816607,2.50107159668
-0.383798403333,-2.82692992888,-2.02344622201
0.28488017219,-3.05508580846,-1.524660792
-1.52702580109,0.245173877683,-0.348019674745
2.98634701394,2.74565418571,-3.00619325719
0.510787173968,2.02942556569,-2.79624402046
1.14550323704,3.71433676684,-2.26541078386
0.276925232542,2.73616236439,-1.4850493572
-0.615439284488,-2.86783828507,-2.18057518799
0.184248897156,1.67999195353,-3.19840875761
4.50590735439,3.94791079715,3.85821787318
0.370749126495,-0.608385240109,-2.73255068308
-2.41096150989,-2.09276885737,-3.65755186282
-2.0802576112,-0.187526516575,-0.371754185462
1.93168772601,1.7156356756,-1.58340889392
0.810083824369,-1.5216442332,-1.66704686159
0.269978645241,3.39588077933,-3.36103042399
0.435230350904,-3.41402094232,-2.05002634165
5.73686610556,3.1053764055,3.77192766088
2.04433160831,3.90678432138,-2.94473960334
5.01703732235,2.260361871,5.58749455834
1.23544404381,3.50251773327,-1.39841532123
-0.499255961574,2.01262864061,-1.61239520958
4.8159623238,3.71354094631,3.46126145184
-1.31714261464,-2.7223280572,-2.15452952849
-0.0555597892067,3.30210656575,-1.71819379212
5.68343495237,3.0613034919,2.35312758316
1.24729064708,5.07944683554,-0.899692297307
0.285075358408,3.73454265201,-2.33818602533
0.364490064584,4.02520390428,-2.00859015418
5.16737573114,4.22643077816,3.29427600417
2.07877976627,2.53862227177,-1.53207028501
-0.851751339271,-2.13468775969,-1.32888674372
-0.297515645562,2.35226756146,-1.66400782739
5.81966020745,2.08074736737,3.6834650487
4.61032050147,3.41329493476,2.12574950737
5.20226984313,4.31193022091,3.6984967286
-0.547806213678,4.23592640523,-3.27202898768
2.46264541106,3.48094312027,-1.74656793239
3.87984863002,3.15783229612,4.59675882434
-0.600034404133,-0.556934815359,-2.91598458824
-0.382437409171,-1.27358509009,-3.75154474749
4.84760086819,2.77979828925,4.11767684498
1.66380252432,2.5310368683,-1.78624306945
4.7378540536,4.70011689116,4.29929859743
2.19964129487,3.99414475199,-4.08427860741
0.401106404194,-3.27435367288,-3.93356804442
-0.986758156078,0.512060296769,-2.0330166137
-0.590082951641,-1.47177299145,-3.00312507672
4.98321524017,0.858981232885,4.13236359212
-0.014038657727,-0.489079588438,-2.35027602853
5.93236504564,3.15457519538,4.64575537863
-2.17879426082,-1.44186369984,-3.36680416412
3.77103386355,1.72378007237,3.7830017153
1.1283335802,3.09109645173,-1.34461926026
2.94129436592,4.37292453815,3.6108161068
4.742815734,3.00584775803,4.07334888974
3.70765167598,3.40225223158,3.91573808857
-0.914041768253,-1.31902560696,-3.35914591664
0.896846425504,4.96574044447,-1.95111588124
3.06487364536,4.14672987546,3.24713601548
0.135533566528,2.35186451739,-1.84886818335
0.665308679092,-1.83531924235,-2.53439351724
1.72081046226,3.30856942871,-2.37760670855
2.73620689328,1.46131386811,3.64288017929
2.1856534431,2.2067548191,-3.08718742052
0.12008989678,-0.863523068042,-2.93862662172
2.83704577393,2.43696896559,-2.42060341238
3.78707038629,2.81028312723,3.65278160381
-1.43528139965,2.02707221928,-1.73567831754
0.892015690213,-1.80766223104,-2.75971187181
3.93331918149,3.46603567869,4.39896714493
1.82252220462,2.80773085152,-1.62038264269
0.0346997072709,1.7551980216,-0.959542039734
3.42888974384,2.1894559184,3.63744603335
2.30725802855,4.40209675897,4.3440657853
4.18914588857,2.51284722068,4.29357537186
3.75312608949,2.12699096194,-1.79531764771
5.10102789719,2.50372204103,3.45598600166
4.61316484075,2.26480342429,4.11085450832
0.730104370032,-2.34442575648,-2.83801205057
-0.358679675915,-2.30873496866,-2.74685615812
4.04019232974,2.81145174126,3.44772018288
5.27190173485,2.5342227756,5.02284890691
3.21407333334,4.51892964773,3.44494305564
5.13697554563,4.04662817711,3.9443759412
4.00195279481,1.27407239568,4.15668340918
3.03990662074,2.22995591183,3.28196522786
-0.193907564398,3.08609189442,-2.85443453253
1.90975799826,3.36213597501,-1.26065833294
3.40596865369,0.779454931328,4.90195398398
1.3114088776,2.81999496054,-2.61395984435
3.7305965077,1.84858811984,6.74278562851
-1.47334310317,-1.62271815467,-3.01732093823
3.31508287516,2.67695585281,4.11660669632
4.19276111481,4.1433454087,3.77382402576
0.369033982011,1.3759044606,-2.10092492373
2.24520605196,4.99355051412,-2.77805787596
3.68921299992,2.66837300369,2.88244975724
0.449108586962,-1.06266499479,-2.34682870787
4.25171623236,2.74751762719,4.75262511758
5.38567758764,1.36488467006,4.05623369816
0.832609948743,-2.03815563396,-1.89647487654
2.10400138037,3.23410223747,-1.53383751292
3.10190301444,2.70289488124,2.61901775521
0.447395134775,-2.61529105239,-4.82503015238
1.88266521873,4.1020934396,-3.19378490274
1.5452652199,-2.77904685268,-3.41088177992
-0.26810196309,4.2902649307,-2.74422871976
1.51462364949,4.1791806324,-0.359331500511
2.81778483482,4.20854818995,4.66120120214
-0.437447904429,-1.87040539707,-2.63956391735
1.29036188925,-2.02706211927,-2.02847033041
-0.424261675361,-2.30810623447,-1.72075751789
5.42580211433,3.96081496907,3.92777604977
0.65350451856,1.73549901564,-1.42065717919
-1.53342315675,-0.966924041729,-3.5388004326
1.63116379879,3.00565002683,-3.4005895585
0.347561961187,1.37862576793,-0.0998560369749
2.26031026185,3.00702423477,-2.57279236297
4.19611428909,3.67971955806,2.53865040688
0.210960084577,3.38491508602,-1.37379464105
-0.613709911336,-2.22948723677,-3.15977497412
-0.193741758601,-1.92496809673,-2.25192248396
3.30252150386,2.69248243516,4.57285137385
-0.382238743593,3.70216267603,-1.91033165139
0.656342475984,-1.81087713418,-3.67354242869
-1.00070730144,-0.802355153228,-2.55631442673
-0.136502594963,1.27701847004,-3.12463670711
-0.126891003482,0.652097084579,-2.76193190613
4.57024256666,1.84956749842,4.29200619105
1.9210980363,2.35822246231,-2.80367314446
-1.96516332889,-3.06677456799,-2.44444834374
2.22640780057,4.07561066449,-4.03420285553
1.00540281538,-2.435908765,-1.98252806772
-0.139739617589,2.90574227919,-2.40269643193
4.84423279481,1.92139930139,2.7408879638
-0.293855473979,-3.05954876617,-1.54475986734
-0.385883104105,3.57316730746,-0.284388265388
-0.463048448838,2.12292775774,-2.63834491384
1.42019748023,1.57274840646,-2.59944541408
-0.869012309249,-2.07453103374,-3.01508815487
4.78238867765,1.52840284869,4.44593756209
-0.823751717039,-1.22270598657,-2.86153942737
0.0447014880392,-1.52079254002,-2.65269150211
5.46019524256,1.80829613731,1.84523261757
3.73281651325,3.15268774073,4.35220295471
1.30179272795,3.13685168642,-4.31235318919
4.30963796441,2.97029495652,3.73530499318
-1.55622610485,-0.54779416848,-1.77583980818
-0.283282611666,0.0945386975091,-2.54668733773
-0.251371223712,3.71126300037,-2.89123387794
0.699055362786,2.04658556794,-2.45751521871
2.10236997518,2.35576759231,-2.08976482102
2.6121076368,1.39380352251,5.26408005311
0.0341648137084,-2.36950604642,-3.25251906571
0.504095539827,-0.558511168154,-3.27992380551
4.89408767383,3.10407071143,3.53576419677
4.74566450909,1.5272517905,2.08334552383
-0.612454856868,3.13815298435,-0.667110031825
4.85960844208,1.54087899177,5.16364669142
0.132996243189,2.17021137489,-0.898543709887
-1.56341836649,-2.61616931869,-1.75940656414
1.58501654458,0.864625714917,-2.22171767797
1.16750314787,-0.803890912085,-2.61996105337
4.67383208015,3.45048074426,3.53263656238
1.41226506899,-0.199302876799,-1.78295081817
-1.92876574744,-2.26285703921,-2.67411283063
1.18087419582,3.42987684136,-3.06155737959
0.310696808412,-1.97731183966,-2.36110708095
-1.15261734793,-0.327993841022,-1.7276913039
-0.195903714792,-1.63798462539,-2.10454808384
1.08815217154,2.63442821187,-2.49230063467
-0.968118610528,4.8625489293,-3.66038356795
1.7729286173,2.78293934515,-2.06101438759
0.0762508386914,3.57670868684,-2.10693265865
0.514316214967,-1.92524249727,-2.36800801962
3.76810133929,2.6917897757,3.79430645176
1.60782639534,3.43493418771,-2.20206213037
0.437412129468,2.88742237348,-2.59552608456
1.77133278982,4.21754305237,-0.498183409916
-0.240409314771,-2.15800936159,-3.28571210927
4.34560167967,2.58859984276,4.70718892522
-0.347665405788,-1.82869391042,-3.23544668016
-0.716550899071,1.84135445864,-3.91500454192
4.14398835984,2.0748080361,4.73857233702
3.0952913381,2.22463947681,3.21661538176
1.64902307793,4.90942250882,-2.90956060302
3.97147929989,0.762629616124,2.72510398461
-0.582907373287,-0.483567028809,-3.48554768679
-0.598503544658,-2.96882821603,-3.10156654511
0.851232484891,-2.07022997748,1.25853701322
1.72957717473,2.75752216266,-1.62926892884
0.9994882762,-1.23829392237,-2.17702534241
-0.225153014732,1.17753601452,-3.32305899497
-0.464605707129,-1.76947747945,-2.14761419036
0.836136720097,3.62088328112,-1.12629737498
-0.281557161377,1.58855985766,-4.94622510416
0.332764216097,-1.22271497137,-1.75227197558
1.11416224053,1.3586329157,-2.03003253337
3.33787879151,2.98051612867,6.49169507501
2.79549825236,2.03825123638,4.65366792751
-0.374357991728,-2.74275352661,-4.26495770936
1.01940485636,1.67238618852,-1.94851690213
4.38820174918,3.45777791298,3.91000530581
0.209414006791,2.41819610927,-2.89426279
1.4349719223,3.70310776269,-4.15343306078
-0.17114816044,-0.583084584489,-4.02484578997
-0.419210266902,-1.1194404089,-0.268175844819
0.892891570406,3.55770288442,-0.875185409988
2.32362509465,4.00009006326,-1.47334108652
6.07040897395,2.74264697055,2.79633030345
-1.06784375265,-1.70093140549,-0.906791246562
5.48912790788,2.9413874501,2.06565349978
1.23918866903,3.75433177951,-1.61221826281
2.41857675474,2.68232454691,4.84847925299
1.40277044796,2.9232688053,-0.992239504409
0.851225714012,-2.49265540485,-3.85187012508
0.475941501372,-2.93761191863,-4.47895706143
3.17476280651,4.49203905047,3.9616367786
1.61362969099,2.58948981608,-2.91628235498
-0.470806186085,-4.39608721375,-2.21385246029
1.34071327845,4.06878630265,-0.72396791751
1.24613293523,-2.16835132207,-3.4181106881
0.859001621296,-0.234201113968,-3.38204874823
1.30623509307,2.15189416349,-1.65463282164
-0.228018218347,-2.70477231679,-2.54920314254
4.22449969931,2.72382278278,3.61543446487
2.59629273375,5.51377764866,-0.97244706184
4.58541031058,3.40041215308,5.66144179642
2.80774779205,2.80238397525,5.02474047593
0.188931467609,3.02553370296,-2.34292020788
0.661175232543,-0.854030092699,-3.66336941966
4.34008107343,2.41236044456,4.08384452121
-1.09844405495,-1.74781385358,-0.963681557412
-0.586452794438,-0.663032984562,-4.15971026375
5.58819795715,3.94932834658,2.56419276661
-0.0162705900175,-0.336986002355,-2.85069915954
7.41142254029,2.45232099265,3.68856396711
2.52046072902,2.41223593223,-2.09165096204
-0.533461658257,-2.29755242964,-3.88818023798
0.936325240827,0.354532608944,-4.11582312361
2.88274692041,3.24754425893,-2.46254694193
4.16560767537,2.00172558024,3.76716036236
2.50897609462,3.89117016264,-2.6526880764
0.558721430894,3.54483120703,-2.43852523733
-0.193753229391,3.7230748339,-4.24857037571
6.24957674663,1.93365116527,2.53984080537
5.12165501563,3.62334532552,1.79658184202
3.8427313254,3.71161483266,3.27786622282
4.04390639076,2.23695726956,2.11504284792
3.47793486023,4.26011796328,5.0576009939
5.0756626805,2.16864605362,1.71832467684
-2.96152738955,-2.68833349161,-2.83216849209
0.059178686762,3.21754441516,-2.83107722878
-0.0751347822987,-1.40025196109,-1.73638553011
1.01480322022,2.61414412278,-2.5220364436
-0.515554272774,-3.24357137515,-2.60356250715
-1.62128614752,-0.768938310291,-2.58553850427
1.1085775355,4.69723228084,-3.20053557891
0.146178933948,-1.02466047559,-2.54253527851
4.56355007064,4.35890481762,4.63785091799
0.25412400076,3.27869970511,-2.72313295961
3.6771511669,2.8799273416,3.61937471362
5.11854821413,2.44193171042,4.01308801367
-2.23002215305,-1.24627563256,-4.18263204094
3.50478097672,2.3872682752,3.55014442436
-0.493209050836,2.05545151523,-3.2179188245
1.37954043025,4.36729979066,-1.12433223323
-0.286965889342,-1.47868988379,-1.68467106693
-0.342414892612,-1.24181702255,-2.55693800335
4.67996853011,3.2194477854,2.90502949232
-0.412266741714,-1.078088183,-4.38706142871
5.30227667373,2.01863298421,3.17448932674
-1.71723116187,-2.22848042879,-3.68370935633
0.213917862035,-1.6859461404,-3.71233853448
1.47167967982,3.08209222047,-1.98657924821
2.61464078565,3.58807001686,-3.48132014336
3.41209047773,0.197317655865,1.88033567928
0.614269026495,5.43808691634,-2.39104144934
0.260710897759,3.16070602384,-1.67831413561
0.456501138548,-1.45120254553,-1.32066137781
0.704474181615,2.4660905936,-1.8986773458
4.42109178303,2.94189197776,2.07730836354
4.26885472406,2.27411879138,3.87806091954
0.898947073287,2.79093808278,-3.09837052745
1.67299605752,3.06552853668,-1.31588041644
0.33406633747,3.76444470976,-0.706263488769
1.63685663788,3.82831129174,-1.54486168028
1.2220704393,4.26916947081,-2.84561346332
3.9037335468,4.10782686489,3.02371173141
-1.50285241855,-0.771704756439,-2.39747332003
0.6088037008,-2.17303723644,-3.16399215464
-0.674242813823,-1.7317023428,-4.31256892357
0.943555937856,3.40358376332,-1.16428364278
3.31290897944,3.95501476399,3.42298900486
5.05666144943,1.16371943495,2.13481757587
2.83012726551,2.14465383545,3.01577141919
0.401907636877,2.06990676299,-2.02277295094
2.4170161112,2.13885015414,4.81718732785
0.306200417476,-1.87944961961,-3.1550760808
0.857508758036,-1.98903055881,-2.84922797766
2.29943395599,3.18439606698,-4.07623888252
3.2802702046,3.15322312888,4.58689260552
-0.835426818248,-2.74231964301,-2.85564059058
3.45162866125,3.55835781934,4.76960426552
6.1937621375,1.48538548792,2.76387344755
0.504767149581,3.9921877137,-2.04420157511
1.92805981989,2.65232502127,-1.36795579284
0.473064743109,3.42815058877,-2.37983932561
3.9380113391,1.25910768617,3.826235616
1.52181710776,0.0405999627351,-1.35194457591
0.551779098839,3.3336828713,-2.22684172997
0.963252195428,-2.70404866813,-3.5935508235
5.2582770132,3.42539461865,4.21845656074
5.16718462941,3.48905828408,3.55591571535
2.41217275301,3.14212201405,-2.41355323512
-2.31704685328,-1.73923348413,-3.12582862297
4.27390241701,2.85233728472,1.86441716106
0.323073416041,3.17875747731,-5.59527040628
5.13248225553,2.66862452614,3.71299642529
0.764559664548,2.59442197589,-3.97446470529
0.397522741492,2.07563014519,-2.6135743192
0.991291632907,0.450815716378,-3.82696907441
0.922622801965,4.17533122462,-2.20096411184
4.15578028026,1.15641981404,3.16609669651
0.516867129326,2.98080453769,-3.04064800568
1.34169988801,2.56970724688,-2.05010144009
2.89098999209,4.90945062402,-0.430150000925
4.15689847106,2.37763077094,4.00356326992
1.29192981672,2.28391761394,-2.21496490543
-1.90687131382,-0.968922658439,-1.66244681894
5.3668379472,3.04817520836,1.90233799257
5.45680476517,4.65142006236,2.70196389179
1.25781503134,3.19157575805,-2.03298403368
0.570269778379,-0.892329033968,-2.68458789594
-0.501625003884,1.76837758747,-2.14728738426
0.654336666748,4.07969765142,-1.72834371396
0.283277436337,-1.69632093668,-2.8324855784
1.64434701869,1.30635553579,-1.90017937159
4.95926967003,2.79225678395,3.17187930794
3.90303449327,3.05659383788,4.65491202136
4.65609637173,3.9246973964,2.5193862865
1.78896005572,2.74653925843,-3.06790422032
6.48246401559,0.271977565803,1.83641909973
4.28512864843,2.44536023837,5.25689567678
3.87526522753,3.55984157042,2.186435587
-1.25844198619,-1.72527535797,-3.0715085812
1.847418813,4.72523969681,-1.62230503171
1.95144712163,1.94731644016,2.81728748773
-0.58052624826,-1.61104647843,-3.30446707921
0.757023597562,-1.42233768549,-4.37738579207
6.83611798295,3.45962969912,7.37981147794
1.44249347228,4.11123335615,-1.87578907391
4.79830860691,1.47310016893,4.04692616716
3.6365522613,2.56263753221,4.47190216327
1.83862266354,-1.89726678148,-3.0139113485
1.71673554725,2.99000277675,-2.48890509313
-0.119368868938,2.97307875163,-4.2384155311
0.321579114963,2.02968218955,-2.44296167482
-1.01909062299,2.19326934441,-1.54441455173
-1.48227738088,-2.26120513724,-4.25725808448
3.52695373605,2.04552597722,4.14244910001
-0.541176328057,0.225873804049,-2.19469173608
-0.638821787572,-0.0635121017321,-2.94658550321
2.42542816717,2.65804483671,-3.06357965799
-0.726747978734,-2.43212836587,-2.54990313628
1.76358104528,3.0917127353,-1.84967956232
-0.00645974047676,1.6322340524,-1.11623804467
-0.349458099007,-1.20926304159,-2.99450436165
3.80191631372,2.99700389823,6.0775777641
-0.131102496799,-2.80264556356,-2.90282062297
2.53540801805,1.99668094607,5.29045655086
3.48863181137,3.61616466761,1.90719605091
5.63058439559,2.91502585286,3.36444495772
4.78743217329,2.22611328532,3.05810712178
1.86338187639,1.32419593085,-3.46554868704
-1.08091976481,-1.12533300975,-1.5589036475
-0.0639470602011,4.30016360223,-4.01418131613
0.361380930353,2.24227948001,-1.43745022332
3.62231558814,0.913949688561,3.34160481832
-1.98687304109,-2.23171694403,-2.6607508033
4.14157530012,3.33398654918,2.04531642643
4.68313963637,2.11671022723,4.88895268543
4.76315528854,2.52138300333,3.8136497823
0.253004900925,-1.3764498975,-1.82381998391
-0.340374639147,-2.60425247422,-2.67886524189
-0.027116476499,-0.936496588317,-0.488331234792
4.39627585513,3.69385361702,3.90383932118
0.604385954304,3.10500400632,-1.40059479931
-1.28779419926,-0.168479031837,-2.94064496211
2.0165653677,2.67251735212,-1.36678938829
3.07141063603,3.53482622536,5.82565940036
0.257422764074,3.9761184342,-4.54547071815
2.24578431786,2.84708220026,4.54687860746
0.372866637198,0.23769962222,-1.35931918282
2.46825115948,2.82431907374,-2.45103728706
1.14263339139,4.52743592624,-3.59508031473
-0.647308588163,-2.82408910297,-3.21153129203
4.25183443279,2.06276281496,2.33272984601
5.96537687508,3.07385749632,4.63599132923
0.974689354982,1.56619425998,-0.88305460219
1.13330297432,2.18878427136,-1.45275522755
1.98332018049,1.95644751072,-2.74990415884
0.47425720482,-0.916890741893,-2.71947107625
2.26517511688,3.36171237861,-1.48634314196
0.843303693835,2.46172079435,-3.60868830493
0.467639075615,4.02074032177,-3.81086864647
4.10135153336,2.51817878877,4.90311733556
2.24710158081,2.59815959897,4.23804084858
0.301855862954,-0.983229042333,-2.40283709207
5.12657094083,3.96434769579,3.4847573956
0.752128633815,2.73742917442,-2.58074460632
0.371574593818,2.09822438498,-1.26830575452
2.38453706881,2.91578345285,3.45185649553
1.12998930975,-0.617111043432,-0.6326930088
1.31916272158,-2.51070479719,-3.68554436296
-0.102693663845,-0.322167233204,-3.29472202432
1.409221631,1.97813817182,-3.27167310187
0.868768026537,-4.03450023661,-2.85628874066
-0.956734557058,-0.727400308413,-1.71825863033
-0.11417331481,-1.03993719491,-0.898232965409
5.66799804845,2.06862701356,3.19008880647
3.29851857999,1.89696034441,4.30041416771
5.22344804372,2.93801618081,4.11637840501
3.71600970563,2.68273521445,2.55795501326
-2.26143045585,-0.100354569725,-2.79967791597
3.21289672033,3.81639930684,3.24157447604
-1.84378924678,-0.659649475693,-3.84927504275
4.49756429554,1.38748852206,4.65399130734
4.57901077643,2.83176043325,3.53778458504
-0.230714768112,3.86318604607,-3.57911742667
5.4504874019,2.85239593137,2.52616436016
2.30207240477,0.314981954927,-1.14670141956
2.08476217377,3.19052963703,-1.55602292675
-0.778182929286,3.47784683731,-3.33672879828
5.97612300514,4.20694484096,3.07933723924
3.17667257631,1.88324528304,3.16011938619
4.45405275067,1.89164176448,2.96083513626
3.02491866275,3.55021252509,3.41152068117
5.3064698941,3.29715512253,4.67881611247
-0.507497671325,-1.75341531616,-1.15889214503
3.32016756599,4.72805702201,3.29322254302
1.82017273105,3.46518664577,-2.7576861152
1.06303160284,2.49330328922,-2.19367305712
-0.468239426201,-1.09163934453,-3.32053401674
-0.774900165115,-3.07098467405,-3.01973422261
-0.0832700426347,-1.71977176189,-2.37351625451
3.75275659272,2.17252177235,4.12830271537
2.14498730079,1.7319387651,-2.46718984093
-0.472473610167,-1.44199665671,-0.163602091707
1.45571675951,3.86509936112,-2.17354164688
1.94182612787,-2.49679374124,-3.85951369102
4.77829656487,1.56946315701,5.08361275074
1.10277401785,2.39360362061,-1.25286733728
0.967286660185,2.47198405725,-3.80173316315
5.64372651221,2.31339741078,4.22439470805
1.50994578374,2.97475562399,-1.30476214087
4.80343327876,3.85088803933,3.15887317154
-1.04463972784,2.96235911643,-0.479253795921
3.54233763378,3.41555696319,4.75999357455
6.30523695492,2.8755827432,5.43410123247
0.566778006846,1.62005014917,-3.26627991969
4.53006434531,3.53578275203,3.73379104916
2.8939497739,3.29401489284,5.40841522894
5.63471964691,2.9606598269,3.46973462466
-0.526926409924,-0.972073800771,-0.332197419961
4.85931273543,2.96324233975,4.22126306745
-0.585451443419,-0.483330547726,-3.54651813925
0.729485761087,-1.52784100257,-1.4132850421
0.231528865102,-1.62619147727,-2.42034219147
2.32074370968,4.52390006071,-2.55592715348
0.70193619283,-0.953545808785,-1.01719739536
4.89265118571,4.12258870337,2.51503222719
1.16757858359,3.3898993345,-2.08265487213
3.75959632679,3.59723830883,2.79911870878
4.71334580326,1.72914541919,3.44585535371
4.58553112152,3.03277070147,4.22066944943
3.92025237572,2.35745766544,3.45508396106
3.70076627426,3.47079413123,2.37795226086
-1.60522717912,-1.77006171957,-2.95035936338
3.57724834147,1.20711995513,5.68012008553
5.81602279527,3.43106003987,4.23205495132
4.38293275654,3.75295730097,2.87577442056
-0.426447959259,-1.42605992153,-2.68996277501
5.15895690496,2.83002536671,5.10973082487
4.64457257058,2.21993757059,1.90770222642
-0.266946009153,-1.50062497326,-0.656729320681
-1.22524546588,-1.37085048781,-2.32895219805
0.349406761717,3.01723501343,-3.18934605382
3.93513233356,1.97892430029,4.91247530548
5.20203922805,3.56107551207,3.0646434989
4.88726802663,5.40225365871,3.85317925506
5.7078842208,3.95275926054,3.8765766032
4.40002188753,3.54547356129,4.82269165735
-0.833933452568,-0.98093156202,-4.74599577758
4.4992090657,3.93898206208,4.99374236653
-0.0387539963892,-3.7070365176,-3.47118281853
2.22140412242,3.35298244852,3.63430312289
1.01346114405,2.12844449418,-1.88311096862
2.84323141103,4.12291506468,3.52348710388
1.2525559712,1.89919304677,-0.987505495938
1.53374929409,2.0862466402,-3.75054162881
1.93367853042,2.39024450456,-3.70874835649
-0.969469684179,-1.81305024229,-2.27212398973
5.08753352913,2.4900431022,5.0301775228
-0.231495741756,3.27853544139,-2.27882186248
4.04161638211,2.75478869564,3.35188632375
0.79689661481,0.997194678478,-2.37096247193
-0.0211978356989,-1.98342735899,-2.8844150154
0.579289236875,2.92873248977,-2.61643432539
0.15872501607,-2.66426232599,-2.26979212435
2.89644347694,3.60108910077,3.1897684918
2.11891071104,1.85465490088,-0.95908523502
1.67142664917,2.89639059176,-1.07255787686
4.51730204371,4.0331630423,3.93550283027
3.47786247889,1.28968951754,2.86783959642
3.53476983161,3.22366206661,4.15760097655
0.531352171061,4.20654759855,-3.206418627
0.87151484184,4.08491044461,-2.39235954082
-0.579044927101,-0.169889524027,-3.84380788012
4.34701131285,2.0604565991,4.881664978
-0.596698886194,-2.11641118194,-3.38565626175
1.13379584097,2.5854791675,-3.78334601966
1.79036244734,3.96144878875,-2.30280835284
0.752203370017,2.35118318597,-3.30476990788
-1.11922539921,-2.55693454239,-0.944518400834
4.50881248299,3.18876673303,4.13174780618
5.02248037919,2.24015531307,2.82390003413
0.608018343442,1.50316220265,-3.81049879684
-0.947850761619,-1.20388311143,-1.45738646764
2.89379505106,3.4432638705,4.654743476
4.63008729881,4.13915545707,2.95920437856
0.596662390729,3.67696561488,-2.94060215654
3.50565632861,2.90270989194,4.39961330998
2.72655867133,2.94409244698,-1.9838625753
-1.13730028129,-2.22229491884,-0.444963778656
5.70816087881,2.99451215326,2.46766585184
1.10553189517,3.14615782689,-3.35999275651
0.291837120931,-3.23188894177,-2.95681382421
-0.293823185417,-0.57275890268,-3.64101001375
5.51881769259,2.44234296409,4.00945593541
1.48727920775,5.40434110296,-1.401105822
6.07204260536,3.82495609289,6.23955606151
0.259801838743,1.31945877463,-3.29462916211
-1.971347607,-2.21397460206,-2.55573922332
0.59752244525,0.789446127995,-0.997947258362
-0.276403419403,-3.26618825841,-2.0158654042
2.93446128838,2.33534558626,4.1778674701
1.99560510125,1.95708364466,-1.61350553743
1.69078775889,2.74810769397,-1.83705991425
4.13268292404,3.75072880313,5.34065712866
0.575869044579,2.94647971041,-0.980623324731
-0.52251328281,-1.19790731616,-2.39124462125
1.64430484876,-0.671329785285,-1.79940792063
2.99431985228,4.6289124827,3.12680364504
0.246885993771,0.0558821886784,-2.28767964326
1.07031767794,-1.8728713342,-1.68210434406
-0.312269761625,4.13591593801,-2.35521325524
1.07229586707,0.938862461001,-1.95327385788
-0.308465966917,3.66384492689,-2.76155992574
0.880214971687,-0.660553282533,-2.41081911598
1.34754556678,-2.39220182865,-3.73657576305
1.273837813,2.34426951176,-1.4328834735
2.84136931497,2.21536582502,4.10162631763
4.32443125167,2.93059070389,5.65416452776
1.23533961766,2.48964120362,-1.17319674518
5.57946960841,2.99583967742,3.9626445814
1.59775667856,2.02411057851,-2.63126645045
6.05269898321,1.80835195051,3.58589361747
-1.54305018991,-2.14121440834,-2.31331421841
1.69509577557,2.86988301424,-3.19082608672
-0.451682250257,-1.22143381751,-1.78710835308
-0.0919398333643,-1.66455593021,-1.75582839944
0.552634938303,2.74176819098,-0.211781552916
0.326077841884,2.36686083203,-1.8164510279
0.798280280717,1.97956523189,-3.39358713113
-0.599803360422,-0.420143674812,-1.05429553666
-0.506544720716,3.35927436556,-1.76150976288
-1.53439269159,-0.197938303323,-2.53947674119
-0.210950248637,3.2652436035,-2.74110349557
1.29892552376,3.67943161957,-1.73983075313
0.073032980312,-2.3508845713,-4.14528032878
4.46981748833,4.10853306375,1.50559079468
5.83962628477,3.79537699447,2.71144319081
4.5505174279,2.99936640451,2.7557523662
-2.73803450717,-1.24971012718,-1.19296243214
4.56353174369,3.47230075624,3.81541260796
-0.0704569604844,-0.202446762979,-2.45253343477
1.90280951601,3.4263325013,-2.77043676766
0.222138360417,-1.97741490606,-2.36643741621
2.47226310329,3.15235938032,-2.73891272635
0.331759656159,1.87503775251,-1.59886062936
-1.08671171365,0.358124577003,-2.03935369134
